﻿<?xml version="1.0" encoding="utf-8"?>
<BookNames>
  <book code="GEN" abbr="创世记" short="创世记" long="创世记" alt="" />
  <book code="EXO" abbr="出埃及记" short="出埃及记" long="出埃及记" alt="" />
  <book code="LEV" abbr="利未记" short="利未记" long="利未记" alt="" />
  <book code="NUM" abbr="民数记" short="民数记" long="民数记" alt="" />
  <book code="DEU" abbr="申命记" short="申命记" long="申命记" alt="" />
  <book code="JOS" abbr="约书亚记" short="约书亚记" long="约书亚记" alt="" />
  <book code="JDG" abbr="士师记" short="士师记" long="士师记" alt="" />
  <book code="RUT" abbr="路得记" short="路得记" long="路得记" alt="" />
  <book code="1SA" abbr="撒母耳记上" short="撒母耳记上" long="撒母耳记上" alt="" />
  <book code="2SA" abbr="撒母耳记下" short="撒母耳记下" long="撒母耳记下" alt="" />
  <book code="1KI" abbr="列王纪上" short="列王纪上" long="列王纪上" alt="" />
  <book code="2KI" abbr="列王纪下" short="列王纪下" long="列王纪下" alt="" />
  <book code="1CH" abbr="历代志上" short="历代志上" long="历代志上" alt="" />
  <book code="2CH" abbr="历代志下" short="历代志下" long="历代志下" alt="" />
  <book code="EZR" abbr="以斯拉记" short="以斯拉记" long="以斯拉记" alt="" />
  <book code="NEH" abbr="尼希米记" short="尼希米记" long="尼希米记" alt="" />
  <book code="EST" abbr="以斯帖记" short="以斯帖记" long="以斯帖记" alt="" />
  <book code="JOB" abbr="约伯记" short="约伯记" long="约伯记" alt="" />
  <book code="PSA" abbr="诗篇" short="诗篇" long="诗篇" alt="" />
  <book code="PRO" abbr="箴言" short="箴言" long="箴言" alt="" />
  <book code="ECC" abbr="传道书" short="传道书" long="传道书" alt="" />
  <book code="SNG" abbr="雅歌" short="雅歌" long="雅歌" alt="" />
  <book code="ISA" abbr="以赛亚书" short="以赛亚书" long="以赛亚书" alt="" />
  <book code="JER" abbr="耶利米书" short="耶利米书" long="耶利米书" alt="" />
  <book code="LAM" abbr="耶利米哀歌" short="耶利米哀歌" long="耶利米哀歌" alt="" />
  <book code="EZK" abbr="以西结书" short="以西结书" long="以西结书" alt="" />
  <book code="DAN" abbr="但以理书" short="但以理书" long="但以理书" alt="" />
  <book code="HOS" abbr="何西阿书" short="何西阿书" long="何西阿书" alt="" />
  <book code="JOL" abbr="约珥书" short="约珥书" long="约珥书" alt="" />
  <book code="AMO" abbr="阿摩司书" short="阿摩司书" long="阿摩司书" alt="" />
  <book code="OBA" abbr="俄巴底亚书" short="俄巴底亚书" long="俄巴底亚书" alt="" />
  <book code="JON" abbr="约拿书" short="约拿书" long="约拿书" alt="" />
  <book code="MIC" abbr="弥迦书" short="弥迦书" long="弥迦书" alt="" />
  <book code="NAM" abbr="那鸿书" short="那鸿书" long="那鸿书" alt="" />
  <book code="HAB" abbr="哈巴谷书" short="哈巴谷书" long="哈巴谷书" alt="" />
  <book code="ZEP" abbr="西番雅书" short="西番雅书" long="西番雅书" alt="" />
  <book code="HAG" abbr="哈该书" short="哈该书" long="哈该书" alt="" />
  <book code="ZEC" abbr="撒迦利亚书" short="撒迦利亚书" long="撒迦利亚书" alt="" />
  <book code="MAL" abbr="玛拉基书" short="玛拉基书" long="玛拉基书" alt="" />
  <book code="MAT" abbr="太" short="马太福音" long="马太福音" alt="" />
  <book code="MRK" abbr="可" short="马可福音" long="马可福音" alt="" />
  <book code="LUK" abbr="路" short="路加福音" long="路加福音" alt="" />
  <book code="JHN" abbr="约" short="约翰福音" long="约翰福音" alt="" />
  <book code="ACT" abbr="使徒行传" short="使徒行传" long="使徒行传" alt="" />
  <book code="ROM" abbr="罗马书" short="罗马书" long="罗马书" alt="" />
  <book code="1CO" abbr="哥林多前书" short="哥林多前书" long="哥林多前书" alt="" />
  <book code="2CO" abbr="哥林多后书" short="哥林多后书" long="哥林多后书" alt="" />
  <book code="GAL" abbr="加拉太书" short="加拉太书" long="加拉太书" alt="" />
  <book code="EPH" abbr="以弗所书" short="以弗所书" long="以弗所书" alt="" />
  <book code="PHP" abbr="腓立比书" short="腓立比书" long="腓立比书" alt="" />
  <book code="COL" abbr="歌罗西书" short="歌罗西书" long="歌罗西书" alt="" />
  <book code="1TH" abbr="帖撒罗尼迦前书" short="帖撒罗尼迦前书" long="帖撒罗尼迦前书" alt="" />
  <book code="2TH" abbr="帖撒罗尼迦后书" short="帖撒罗尼迦后书" long="帖撒罗尼迦后书" alt="" />
  <book code="1TI" abbr="提摩太前书" short="提摩太前书" long="提摩太前书" alt="" />
  <book code="2TI" abbr="提摩太后书" short="提摩太后书" long="提摩太后书" alt="" />
  <book code="TIT" abbr="提多书" short="提多书" long="提多书" alt="" />
  <book code="PHM" abbr="腓利门书" short="腓利门书" long="腓利门书" alt="" />
  <book code="HEB" abbr="希伯来书" short="希伯来书" long="希伯来书" alt="" />
  <book code="JAS" abbr="雅各书" short="雅各书" long="雅各书" alt="" />
  <book code="1PE" abbr="彼得前书" short="彼得前书" long="彼得前书" alt="" />
  <book code="2PE" abbr="彼得后书" short="彼得后书" long="彼得后书" alt="" />
  <book code="1JN" abbr="约翰一书" short="约翰一书" long="约翰一书" alt="" />
  <book code="2JN" abbr="约翰二书" short="约翰二书" long="约翰二书" alt="" />
  <book code="3JN" abbr="约翰三书" short="约翰三书" long="约翰三书" alt="" />
  <book code="JUD" abbr="犹大书" short="犹大书" long="犹大书" alt="" />
  <book code="REV" abbr="启示录" short="启示录" long="启示录" alt="" />
</BookNames>