﻿<?xml version="1.0" encoding="utf-8"?>
<DBLMetadata id="483111d3acc4a321" type="text" typeVersion="1.5">
  <identification>
    <name>Chinese Union Version (simplified)</name>
    <nameLocal>新标点和合本</nameLocal>
    <abbreviation>cmn-cu89s</abbreviation>
    <abbreviationLocal>CUVs</abbreviationLocal>
    <scope>Bible without Deuterocanon</scope>
    <description>Chinese Union Version with New Punctuation (simplified)</description>
    <dateCompleted />
    <systemId fullname="Chinese Union Version (simplified)" name="" type="paratext" />
    <bundleProducer />
  </identification>
  <confidential>false</confidential>
  <language>
    <iso>cmn</iso>
    <name>Chinese</name>
    <nameLocal>中国语文</nameLocal>
    <ldml />
    <rod>06039</rod>
    <script>CJK</script>
    <scriptDirection>LTR</scriptDirection>
    <numerals>Arabic</numerals>
  </language>
  <country>
    <iso>CN</iso>
    <name>China</name>
  </country>
  <type>
    <translationType>New</translationType>
    <audience>Common</audience>
  </type>
  <bookNames>
    <book code="GEN">
      <long>创世记</long>
      <short>创世记</short>
      <abbr>创世记</abbr>
    </book>
    <book code="EXO">
      <long>出埃及记</long>
      <short>出埃及记</short>
      <abbr>出埃及记</abbr>
    </book>
    <book code="LEV">
      <long>利未记</long>
      <short>利未记</short>
      <abbr>利未记</abbr>
    </book>
    <book code="NUM">
      <long>民数记</long>
      <short>民数记</short>
      <abbr>民数记</abbr>
    </book>
    <book code="DEU">
      <long>申命记</long>
      <short>申命记</short>
      <abbr>申命记</abbr>
    </book>
    <book code="JOS">
      <long>约书亚记</long>
      <short>约书亚记</short>
      <abbr>约书亚记</abbr>
    </book>
    <book code="JDG">
      <long>士师记</long>
      <short>士师记</short>
      <abbr>士师记</abbr>
    </book>
    <book code="RUT">
      <long>路得记</long>
      <short>路得记</short>
      <abbr>路得记</abbr>
    </book>
    <book code="1SA">
      <long>撒母耳记上</long>
      <short>撒母耳记上</short>
      <abbr>撒母耳记上</abbr>
    </book>
    <book code="2SA">
      <long>撒母耳记下</long>
      <short>撒母耳记下</short>
      <abbr>撒母耳记下</abbr>
    </book>
    <book code="1KI">
      <long>列王纪上</long>
      <short>列王纪上</short>
      <abbr>列王纪上</abbr>
    </book>
    <book code="2KI">
      <long>列王纪下</long>
      <short>列王纪下</short>
      <abbr>列王纪下</abbr>
    </book>
    <book code="1CH">
      <long>历代志上</long>
      <short>历代志上</short>
      <abbr>历代志上</abbr>
    </book>
    <book code="2CH">
      <long>历代志下</long>
      <short>历代志下</short>
      <abbr>历代志下</abbr>
    </book>
    <book code="EZR">
      <long>以斯拉记</long>
      <short>以斯拉记</short>
      <abbr>以斯拉记</abbr>
    </book>
    <book code="NEH">
      <long>尼希米记</long>
      <short>尼希米记</short>
      <abbr>尼希米记</abbr>
    </book>
    <book code="EST">
      <long>以斯帖记</long>
      <short>以斯帖记</short>
      <abbr>以斯帖记</abbr>
    </book>
    <book code="JOB">
      <long>约伯记</long>
      <short>约伯记</short>
      <abbr>约伯记</abbr>
    </book>
    <book code="PSA">
      <long>诗篇</long>
      <short>诗篇</short>
      <abbr>诗篇</abbr>
    </book>
    <book code="PRO">
      <long>箴言</long>
      <short>箴言</short>
      <abbr>箴言</abbr>
    </book>
    <book code="ECC">
      <long>传道书</long>
      <short>传道书</short>
      <abbr>传道书</abbr>
    </book>
    <book code="SNG">
      <long>雅歌</long>
      <short>雅歌</short>
      <abbr>雅歌</abbr>
    </book>
    <book code="ISA">
      <long>以赛亚书</long>
      <short>以赛亚书</short>
      <abbr>以赛亚书</abbr>
    </book>
    <book code="JER">
      <long>耶利米书</long>
      <short>耶利米书</short>
      <abbr>耶利米书</abbr>
    </book>
    <book code="LAM">
      <long>耶利米哀歌</long>
      <short>耶利米哀歌</short>
      <abbr>耶利米哀歌</abbr>
    </book>
    <book code="EZK">
      <long>以西结书</long>
      <short>以西结书</short>
      <abbr>以西结书</abbr>
    </book>
    <book code="DAN">
      <long>但以理书</long>
      <short>但以理书</short>
      <abbr>但以理书</abbr>
    </book>
    <book code="HOS">
      <long>何西阿书</long>
      <short>何西阿书</short>
      <abbr>何西阿书</abbr>
    </book>
    <book code="JOL">
      <long>约珥书</long>
      <short>约珥书</short>
      <abbr>约珥书</abbr>
    </book>
    <book code="AMO">
      <long>阿摩司书</long>
      <short>阿摩司书</short>
      <abbr>阿摩司书</abbr>
    </book>
    <book code="OBA">
      <long>俄巴底亚书</long>
      <short>俄巴底亚书</short>
      <abbr>俄巴底亚书</abbr>
    </book>
    <book code="JON">
      <long>约拿书</long>
      <short>约拿书</short>
      <abbr>约拿书</abbr>
    </book>
    <book code="MIC">
      <long>弥迦书</long>
      <short>弥迦书</short>
      <abbr>弥迦书</abbr>
    </book>
    <book code="NAM">
      <long>那鸿书</long>
      <short>那鸿书</short>
      <abbr>那鸿书</abbr>
    </book>
    <book code="HAB">
      <long>哈巴谷书</long>
      <short>哈巴谷书</short>
      <abbr>哈巴谷书</abbr>
    </book>
    <book code="ZEP">
      <long>西番雅书</long>
      <short>西番雅书</short>
      <abbr>西番雅书</abbr>
    </book>
    <book code="HAG">
      <long>哈该书</long>
      <short>哈该书</short>
      <abbr>哈该书</abbr>
    </book>
    <book code="ZEC">
      <long>撒迦利亚书</long>
      <short>撒迦利亚书</short>
      <abbr>撒迦利亚书</abbr>
    </book>
    <book code="MAL">
      <long>玛拉基书</long>
      <short>玛拉基书</short>
      <abbr>玛拉基书</abbr>
    </book>
    <book code="MAT">
      <long>马太福音</long>
      <short>马太福音</short>
      <abbr>太</abbr>
    </book>
    <book code="MRK">
      <long>马可福音</long>
      <short>马可福音</short>
      <abbr>可</abbr>
    </book>
    <book code="LUK">
      <long>路加福音</long>
      <short>路加福音</short>
      <abbr>路</abbr>
    </book>
    <book code="JHN">
      <long>约翰福音</long>
      <short>约翰福音</short>
      <abbr>约</abbr>
    </book>
    <book code="ACT">
      <long>使徒行传</long>
      <short>使徒行传</short>
      <abbr>使徒行传</abbr>
    </book>
    <book code="ROM">
      <long>罗马书</long>
      <short>罗马书</short>
      <abbr>罗马书</abbr>
    </book>
    <book code="1CO">
      <long>哥林多前书</long>
      <short>哥林多前书</short>
      <abbr>哥林多前书</abbr>
    </book>
    <book code="2CO">
      <long>哥林多后书</long>
      <short>哥林多后书</short>
      <abbr>哥林多后书</abbr>
    </book>
    <book code="GAL">
      <long>加拉太书</long>
      <short>加拉太书</short>
      <abbr>加拉太书</abbr>
    </book>
    <book code="EPH">
      <long>以弗所书</long>
      <short>以弗所书</short>
      <abbr>以弗所书</abbr>
    </book>
    <book code="PHP">
      <long>腓立比书</long>
      <short>腓立比书</short>
      <abbr>腓立比书</abbr>
    </book>
    <book code="COL">
      <long>歌罗西书</long>
      <short>歌罗西书</short>
      <abbr>歌罗西书</abbr>
    </book>
    <book code="1TH">
      <long>帖撒罗尼迦前书</long>
      <short>帖撒罗尼迦前书</short>
      <abbr>帖撒罗尼迦前书</abbr>
    </book>
    <book code="2TH">
      <long>帖撒罗尼迦后书</long>
      <short>帖撒罗尼迦后书</short>
      <abbr>帖撒罗尼迦后书</abbr>
    </book>
    <book code="1TI">
      <long>提摩太前书</long>
      <short>提摩太前书</short>
      <abbr>提摩太前书</abbr>
    </book>
    <book code="2TI">
      <long>提摩太后书</long>
      <short>提摩太后书</short>
      <abbr>提摩太后书</abbr>
    </book>
    <book code="TIT">
      <long>提多书</long>
      <short>提多书</short>
      <abbr>提多书</abbr>
    </book>
    <book code="PHM">
      <long>腓利门书</long>
      <short>腓利门书</short>
      <abbr>腓利门书</abbr>
    </book>
    <book code="HEB">
      <long>希伯来书</long>
      <short>希伯来书</short>
      <abbr>希伯来书</abbr>
    </book>
    <book code="JAS">
      <long>雅各书</long>
      <short>雅各书</short>
      <abbr>雅各书</abbr>
    </book>
    <book code="1PE">
      <long>彼得前书</long>
      <short>彼得前书</short>
      <abbr>彼得前书</abbr>
    </book>
    <book code="2PE">
      <long>彼得后书</long>
      <short>彼得后书</short>
      <abbr>彼得后书</abbr>
    </book>
    <book code="1JN">
      <long>约翰一书</long>
      <short>约翰一书</short>
      <abbr>约翰一书</abbr>
    </book>
    <book code="2JN">
      <long>约翰二书</long>
      <short>约翰二书</short>
      <abbr>约翰二书</abbr>
    </book>
    <book code="3JN">
      <long>约翰三书</long>
      <short>约翰三书</short>
      <abbr>约翰三书</abbr>
    </book>
    <book code="JUD">
      <long>犹大书</long>
      <short>犹大书</short>
      <abbr>犹大书</abbr>
    </book>
    <book code="REV">
      <long>启示录</long>
      <short>启示录</short>
      <abbr>启示录</abbr>
    </book>
  </bookNames>
  <contents>
    <bookList default="true" id="1">
      <name>Chinese Union Version (simplified)</name>
      <nameLocal>新标点和合本</nameLocal>
      <abbreviation>cmn-cu89s</abbreviation>
      <abbreviationLocal>CUVs</abbreviationLocal>
      <description>common</description>
      <descriptionLocal />
      <books>
        <book code="GEN" />
        <book code="EXO" />
        <book code="LEV" />
        <book code="NUM" />
        <book code="DEU" />
        <book code="JOS" />
        <book code="JDG" />
        <book code="RUT" />
        <book code="1SA" />
        <book code="2SA" />
        <book code="1KI" />
        <book code="2KI" />
        <book code="1CH" />
        <book code="2CH" />
        <book code="EZR" />
        <book code="NEH" />
        <book code="EST" />
        <book code="JOB" />
        <book code="PSA" />
        <book code="PRO" />
        <book code="ECC" />
        <book code="SNG" />
        <book code="ISA" />
        <book code="JER" />
        <book code="LAM" />
        <book code="EZK" />
        <book code="DAN" />
        <book code="HOS" />
        <book code="JOL" />
        <book code="AMO" />
        <book code="OBA" />
        <book code="JON" />
        <book code="MIC" />
        <book code="NAM" />
        <book code="HAB" />
        <book code="ZEP" />
        <book code="HAG" />
        <book code="ZEC" />
        <book code="MAL" />
        <book code="MAT" />
        <book code="MRK" />
        <book code="LUK" />
        <book code="JHN" />
        <book code="ACT" />
        <book code="ROM" />
        <book code="1CO" />
        <book code="2CO" />
        <book code="GAL" />
        <book code="EPH" />
        <book code="PHP" />
        <book code="COL" />
        <book code="1TH" />
        <book code="2TH" />
        <book code="1TI" />
        <book code="2TI" />
        <book code="TIT" />
        <book code="PHM" />
        <book code="HEB" />
        <book code="JAS" />
        <book code="1PE" />
        <book code="2PE" />
        <book code="1JN" />
        <book code="2JN" />
        <book code="3JN" />
        <book code="JUD" />
        <book code="REV" />
      </books>
    </bookList>
  </contents>
  <copyright>
    <statement contentType="xhtml">
      <p>Public Domain

</p>
    </statement>
  </copyright>
  <promotion>
    <promoVersionInfo contentType="xhtml">
      <p>Public Domain</p>
    </promoVersionInfo>
    <promoEmail contentType="xhtml">Thank you for downloading 新标点和合本! Now you'll have anytime, anywhere access to God's Word on your mobile device—even if 
you're outside of service coverage or not connected to the Internet. It also means faster service whenever you read that version since it's 
stored on your device. Enjoy! This download was made possible by . We really appreciate their passion for making the Bible available to millions of people around the world. Because of 
their generosity, people like you can open up the Bible and hear from God no matter where you are. You can learn more about them at .</promoEmail>
  </promotion>
  <archiveStatus>
    <archivistName />
    <dateArchived />
    <dateUpdated />
    <comments />
  </archiveStatus>
  <format>text/xml</format>
</DBLMetadata>